"id","n","label","parent"
"total",117496,NA,NA
"total -  Action",17914," Action","total"
"total -  Adventure",11056," Adventure","total"
"total -  Animation",3395," Animation","total"
"total -  Comedy",16496," Comedy","total"
"total -  Crime",12752," Crime","total"
"total -  Documentary",33," Documentary","total"
"total -  Drama",29954," Drama","total"
"total -  Family",331," Family","total"
"total -  Fantasy",3515," Fantasy","total"
"total -  Horror",620," Horror","total"
"total -  Music",376," Music","total"
"total -  Mystery",4543," Mystery","total"
"total -  Romance",8955," Romance","total"
"total -  Sci Fi",1194," Sci Fi","total"
"total -  Thriller",6362," Thriller","total"
"total -  Action  -  Argentina",139,"Argentina","total -  Action"
"total -  Adventure  -  Argentina",104,"Argentina","total -  Adventure"
"total -  Animation  -  Argentina",53,"Argentina","total -  Animation"
"total -  Comedy  -  Argentina",169,"Argentina","total -  Comedy"
"total -  Crime  -  Argentina",132,"Argentina","total -  Crime"
"total -  Drama  -  Argentina",365,"Argentina","total -  Drama"
"total -  Music  -  Argentina",37,"Argentina","total -  Music"
"total -  Mystery  -  Argentina",53,"Argentina","total -  Mystery"
"total -  Romance  -  Argentina",96,"Argentina","total -  Romance"
"total -  Thriller  -  Argentina",72,"Argentina","total -  Thriller"
"total -  Action  -  Australia",193,"Australia","total -  Action"
"total -  Adventure  -  Australia",137,"Australia","total -  Adventure"
"total -  Comedy  -  Australia",180,"Australia","total -  Comedy"
"total -  Crime  -  Australia",141,"Australia","total -  Crime"
"total -  Drama  -  Australia",272,"Australia","total -  Drama"
"total -  Fantasy  -  Australia",57,"Australia","total -  Fantasy"
"total -  Mystery  -  Australia",52,"Australia","total -  Mystery"
"total -  Romance  -  Australia",73,"Australia","total -  Romance"
"total -  Sci Fi  -  Australia",50,"Australia","total -  Sci Fi"
"total -  Thriller  -  Australia",64,"Australia","total -  Thriller"
"total -  Action  -  Austria",204,"Austria","total -  Action"
"total -  Adventure  -  Austria",129,"Austria","total -  Adventure"
"total -  Comedy  -  Austria",180,"Austria","total -  Comedy"
"total -  Crime  -  Austria",158,"Austria","total -  Crime"
"total -  Drama  -  Austria",310,"Austria","total -  Drama"
"total -  Family  -  Austria",45,"Austria","total -  Family"
"total -  Fantasy  -  Austria",61,"Austria","total -  Fantasy"
"total -  Mystery  -  Austria",57,"Austria","total -  Mystery"
"total -  Romance  -  Austria",80,"Austria","total -  Romance"
"total -  Thriller  -  Austria",67,"Austria","total -  Thriller"
"total -  Action  -  Bahamas",182,"Bahamas","total -  Action"
"total -  Adventure  -  Bahamas",107,"Bahamas","total -  Adventure"
"total -  Animation  -  Bahamas",73,"Bahamas","total -  Animation"
"total -  Comedy  -  Bahamas",178,"Bahamas","total -  Comedy"
"total -  Crime  -  Bahamas",148,"Bahamas","total -  Crime"
"total -  Drama  -  Bahamas",290,"Bahamas","total -  Drama"
"total -  Family  -  Bahamas",45,"Bahamas","total -  Family"
"total -  Mystery  -  Bahamas",40,"Bahamas","total -  Mystery"
"total -  Romance  -  Bahamas",70,"Bahamas","total -  Romance"
"total -  Thriller  -  Bahamas",91,"Bahamas","total -  Thriller"
"total -  Action  -  Bahrain",209,"Bahrain","total -  Action"
"total -  Adventure  -  Bahrain",116,"Bahrain","total -  Adventure"
"total -  Comedy  -  Bahrain",152,"Bahrain","total -  Comedy"
"total -  Crime  -  Bahrain",138,"Bahrain","total -  Crime"
"total -  Drama  -  Bahrain",323,"Bahrain","total -  Drama"
"total -  Fantasy  -  Bahrain",48,"Bahrain","total -  Fantasy"
"total -  Horror  -  Bahrain",35,"Bahrain","total -  Horror"
"total -  Mystery  -  Bahrain",47,"Bahrain","total -  Mystery"
"total -  Romance  -  Bahrain",90,"Bahrain","total -  Romance"
"total -  Thriller  -  Bahrain",78,"Bahrain","total -  Thriller"
"total -  Action  -  Bangladesh",220,"Bangladesh","total -  Action"
"total -  Adventure  -  Bangladesh",95,"Bangladesh","total -  Adventure"
"total -  Comedy  -  Bangladesh",183,"Bangladesh","total -  Comedy"
"total -  Crime  -  Bangladesh",171,"Bangladesh","total -  Crime"
"total -  Drama  -  Bangladesh",377,"Bangladesh","total -  Drama"
"total -  Fantasy  -  Bangladesh",36,"Bangladesh","total -  Fantasy"
"total -  Mystery  -  Bangladesh",87,"Bangladesh","total -  Mystery"
"total -  Romance  -  Bangladesh",91,"Bangladesh","total -  Romance"
"total -  Sci Fi  -  Bangladesh",39,"Bangladesh","total -  Sci Fi"
"total -  Thriller  -  Bangladesh",71,"Bangladesh","total -  Thriller"
"total -  Action  -  Belgium",205,"Belgium","total -  Action"
"total -  Adventure  -  Belgium",139,"Belgium","total -  Adventure"
"total -  Animation  -  Belgium",50,"Belgium","total -  Animation"
"total -  Comedy  -  Belgium",183,"Belgium","total -  Comedy"
"total -  Crime  -  Belgium",134,"Belgium","total -  Crime"
"total -  Drama  -  Belgium",305,"Belgium","total -  Drama"
"total -  Fantasy  -  Belgium",57,"Belgium","total -  Fantasy"
"total -  Mystery  -  Belgium",47,"Belgium","total -  Mystery"
"total -  Romance  -  Belgium",84,"Belgium","total -  Romance"
"total -  Thriller  -  Belgium",59,"Belgium","total -  Thriller"
"total -  Action  -  Bolivia",158,"Bolivia","total -  Action"
"total -  Adventure  -  Bolivia",141,"Bolivia","total -  Adventure"
"total -  Animation  -  Bolivia",97,"Bolivia","total -  Animation"
"total -  Comedy  -  Bolivia",221,"Bolivia","total -  Comedy"
"total -  Crime  -  Bolivia",85,"Bolivia","total -  Crime"
"total -  Drama  -  Bolivia",272,"Bolivia","total -  Drama"
"total -  Fantasy  -  Bolivia",38,"Bolivia","total -  Fantasy"
"total -  Mystery  -  Bolivia",40,"Bolivia","total -  Mystery"
"total -  Romance  -  Bolivia",108,"Bolivia","total -  Romance"
"total -  Thriller  -  Bolivia",50,"Bolivia","total -  Thriller"
"total -  Action  -  Brazil",162,"Brazil","total -  Action"
"total -  Adventure  -  Brazil",161,"Brazil","total -  Adventure"
"total -  Animation  -  Brazil",71,"Brazil","total -  Animation"
"total -  Comedy  -  Brazil",171,"Brazil","total -  Comedy"
"total -  Crime  -  Brazil",120,"Brazil","total -  Crime"
"total -  Drama  -  Brazil",270,"Brazil","total -  Drama"
"total -  Family  -  Brazil",72,"Brazil","total -  Family"
"total -  Music  -  Brazil",44,"Brazil","total -  Music"
"total -  Romance  -  Brazil",146,"Brazil","total -  Romance"
"total -  Thriller  -  Brazil",59,"Brazil","total -  Thriller"
"total -  Action  -  Bulgaria",219,"Bulgaria","total -  Action"
"total -  Adventure  -  Bulgaria",132,"Bulgaria","total -  Adventure"
"total -  Animation  -  Bulgaria",44,"Bulgaria","total -  Animation"
"total -  Comedy  -  Bulgaria",176,"Bulgaria","total -  Comedy"
"total -  Crime  -  Bulgaria",125,"Bulgaria","total -  Crime"
"total -  Drama  -  Bulgaria",303,"Bulgaria","total -  Drama"
"total -  Fantasy  -  Bulgaria",45,"Bulgaria","total -  Fantasy"
"total -  Mystery  -  Bulgaria",43,"Bulgaria","total -  Mystery"
"total -  Romance  -  Bulgaria",100,"Bulgaria","total -  Romance"
"total -  Thriller  -  Bulgaria",61,"Bulgaria","total -  Thriller"
"total -  Action  -  Canada",175,"Canada","total -  Action"
"total -  Adventure  -  Canada",109,"Canada","total -  Adventure"
"total -  Animation  -  Canada",49,"Canada","total -  Animation"
"total -  Comedy  -  Canada",177,"Canada","total -  Comedy"
"total -  Crime  -  Canada",146,"Canada","total -  Crime"
"total -  Drama  -  Canada",276,"Canada","total -  Drama"
"total -  Fantasy  -  Canada",40,"Canada","total -  Fantasy"
"total -  Mystery  -  Canada",54,"Canada","total -  Mystery"
"total -  Romance  -  Canada",85,"Canada","total -  Romance"
"total -  Thriller  -  Canada",69,"Canada","total -  Thriller"
"total -  Action  -  Chile",133,"Chile","total -  Action"
"total -  Adventure  -  Chile",123,"Chile","total -  Adventure"
"total -  Animation  -  Chile",72,"Chile","total -  Animation"
"total -  Comedy  -  Chile",197,"Chile","total -  Comedy"
"total -  Crime  -  Chile",98,"Chile","total -  Crime"
"total -  Drama  -  Chile",330,"Chile","total -  Drama"
"total -  Music  -  Chile",37,"Chile","total -  Music"
"total -  Mystery  -  Chile",38,"Chile","total -  Mystery"
"total -  Romance  -  Chile",118,"Chile","total -  Romance"
"total -  Thriller  -  Chile",55,"Chile","total -  Thriller"
"total -  Action  -  Colombia",146,"Colombia","total -  Action"
"total -  Adventure  -  Colombia",110,"Colombia","total -  Adventure"
"total -  Animation  -  Colombia",59,"Colombia","total -  Animation"
"total -  Comedy  -  Colombia",192,"Colombia","total -  Comedy"
"total -  Crime  -  Colombia",111,"Colombia","total -  Crime"
"total -  Drama  -  Colombia",287,"Colombia","total -  Drama"
"total -  Fantasy  -  Colombia",36,"Colombia","total -  Fantasy"
"total -  Mystery  -  Colombia",39,"Colombia","total -  Mystery"
"total -  Romance  -  Colombia",109,"Colombia","total -  Romance"
"total -  Thriller  -  Colombia",68,"Colombia","total -  Thriller"
"total -  Action  -  Costa Rica",125,"Costa Rica","total -  Action"
"total -  Adventure  -  Costa Rica",102,"Costa Rica","total -  Adventure"
"total -  Animation  -  Costa Rica",60,"Costa Rica","total -  Animation"
"total -  Comedy  -  Costa Rica",202,"Costa Rica","total -  Comedy"
"total -  Crime  -  Costa Rica",96,"Costa Rica","total -  Crime"
"total -  Drama  -  Costa Rica",322,"Costa Rica","total -  Drama"
"total -  Music  -  Costa Rica",34,"Costa Rica","total -  Music"
"total -  Mystery  -  Costa Rica",37,"Costa Rica","total -  Mystery"
"total -  Romance  -  Costa Rica",129,"Costa Rica","total -  Romance"
"total -  Thriller  -  Costa Rica",63,"Costa Rica","total -  Thriller"
"total -  Action  -  Croatia",172,"Croatia","total -  Action"
"total -  Adventure  -  Croatia",116,"Croatia","total -  Adventure"
"total -  Animation  -  Croatia",48,"Croatia","total -  Animation"
"total -  Comedy  -  Croatia",198,"Croatia","total -  Comedy"
"total -  Crime  -  Croatia",127,"Croatia","total -  Crime"
"total -  Drama  -  Croatia",289,"Croatia","total -  Drama"
"total -  Fantasy  -  Croatia",32,"Croatia","total -  Fantasy"
"total -  Mystery  -  Croatia",44,"Croatia","total -  Mystery"
"total -  Romance  -  Croatia",94,"Croatia","total -  Romance"
"total -  Thriller  -  Croatia",60,"Croatia","total -  Thriller"
"total -  Action  -  Cyprus",209,"Cyprus","total -  Action"
"total -  Adventure  -  Cyprus",136,"Cyprus","total -  Adventure"
"total -  Animation  -  Cyprus",43,"Cyprus","total -  Animation"
"total -  Comedy  -  Cyprus",178,"Cyprus","total -  Comedy"
"total -  Crime  -  Cyprus",130,"Cyprus","total -  Crime"
"total -  Drama  -  Cyprus",329,"Cyprus","total -  Drama"
"total -  Mystery  -  Cyprus",48,"Cyprus","total -  Mystery"
"total -  Romance  -  Cyprus",89,"Cyprus","total -  Romance"
"total -  Sci Fi  -  Cyprus",45,"Cyprus","total -  Sci Fi"
"total -  Thriller  -  Cyprus",59,"Cyprus","total -  Thriller"
"total -  Action  -  Czech Republic",200,"Czech Republic","total -  Action"
"total -  Adventure  -  Czech Republic",156,"Czech Republic","total -  Adventure"
"total -  Animation  -  Czech Republic",78,"Czech Republic","total -  Animation"
"total -  Comedy  -  Czech Republic",191,"Czech Republic","total -  Comedy"
"total -  Crime  -  Czech Republic",131,"Czech Republic","total -  Crime"
"total -  Drama  -  Czech Republic",287,"Czech Republic","total -  Drama"
"total -  Fantasy  -  Czech Republic",53,"Czech Republic","total -  Fantasy"
"total -  Mystery  -  Czech Republic",52,"Czech Republic","total -  Mystery"
"total -  Romance  -  Czech Republic",75,"Czech Republic","total -  Romance"
"total -  Thriller  -  Czech Republic",44,"Czech Republic","total -  Thriller"
"total -  Action  -  Denmark",192,"Denmark","total -  Action"
"total -  Adventure  -  Denmark",132,"Denmark","total -  Adventure"
"total -  Animation  -  Denmark",53,"Denmark","total -  Animation"
"total -  Comedy  -  Denmark",178,"Denmark","total -  Comedy"
"total -  Crime  -  Denmark",146,"Denmark","total -  Crime"
"total -  Drama  -  Denmark",313,"Denmark","total -  Drama"
"total -  Fantasy  -  Denmark",45,"Denmark","total -  Fantasy"
"total -  Mystery  -  Denmark",50,"Denmark","total -  Mystery"
"total -  Romance  -  Denmark",89,"Denmark","total -  Romance"
"total -  Thriller  -  Denmark",57,"Denmark","total -  Thriller"
"total -  Action  -  Dominican Republic",177,"Dominican Republic","total -  Action"
"total -  Adventure  -  Dominican Republic",111,"Dominican Republic","total -  Adventure"
"total -  Animation  -  Dominican Republic",49,"Dominican Republic","total -  Animation"
"total -  Comedy  -  Dominican Republic",155,"Dominican Republic","total -  Comedy"
"total -  Crime  -  Dominican Republic",124,"Dominican Republic","total -  Crime"
"total -  Drama  -  Dominican Republic",283,"Dominican Republic","total -  Drama"
"total -  Fantasy  -  Dominican Republic",42,"Dominican Republic","total -  Fantasy"
"total -  Mystery  -  Dominican Republic",39,"Dominican Republic","total -  Mystery"
"total -  Romance  -  Dominican Republic",80,"Dominican Republic","total -  Romance"
"total -  Thriller  -  Dominican Republic",70,"Dominican Republic","total -  Thriller"
"total -  Action  -  Ecuador",149,"Ecuador","total -  Action"
"total -  Adventure  -  Ecuador",125,"Ecuador","total -  Adventure"
"total -  Animation  -  Ecuador",69,"Ecuador","total -  Animation"
"total -  Comedy  -  Ecuador",204,"Ecuador","total -  Comedy"
"total -  Crime  -  Ecuador",87,"Ecuador","total -  Crime"
"total -  Drama  -  Ecuador",275,"Ecuador","total -  Drama"
"total -  Fantasy  -  Ecuador",33,"Ecuador","total -  Fantasy"
"total -  Music  -  Ecuador",34,"Ecuador","total -  Music"
"total -  Mystery  -  Ecuador",33,"Ecuador","total -  Mystery"
"total -  Romance  -  Ecuador",101,"Ecuador","total -  Romance"
"total -  Thriller  -  Ecuador",62,"Ecuador","total -  Thriller"
"total -  Action  -  Egypt",192,"Egypt","total -  Action"
"total -  Adventure  -  Egypt",109,"Egypt","total -  Adventure"
"total -  Comedy  -  Egypt",154,"Egypt","total -  Comedy"
"total -  Crime  -  Egypt",116,"Egypt","total -  Crime"
"total -  Drama  -  Egypt",329,"Egypt","total -  Drama"
"total -  Fantasy  -  Egypt",46,"Egypt","total -  Fantasy"
"total -  Horror  -  Egypt",35,"Egypt","total -  Horror"
"total -  Mystery  -  Egypt",41,"Egypt","total -  Mystery"
"total -  Romance  -  Egypt",105,"Egypt","total -  Romance"
"total -  Thriller  -  Egypt",72,"Egypt","total -  Thriller"
"total -  Action  -  El Salvador",139,"El Salvador","total -  Action"
"total -  Adventure  -  El Salvador",108,"El Salvador","total -  Adventure"
"total -  Animation  -  El Salvador",64,"El Salvador","total -  Animation"
"total -  Comedy  -  El Salvador",194,"El Salvador","total -  Comedy"
"total -  Crime  -  El Salvador",102,"El Salvador","total -  Crime"
"total -  Drama  -  El Salvador",291,"El Salvador","total -  Drama"
"total -  Fantasy  -  El Salvador",34,"El Salvador","total -  Fantasy"
"total -  Mystery  -  El Salvador",34,"El Salvador","total -  Mystery"
"total -  Romance  -  El Salvador",106,"El Salvador","total -  Romance"
"total -  Thriller  -  El Salvador",59,"El Salvador","total -  Thriller"
"total -  Action  -  Estonia",188,"Estonia","total -  Action"
"total -  Adventure  -  Estonia",137,"Estonia","total -  Adventure"
"total -  Comedy  -  Estonia",202,"Estonia","total -  Comedy"
"total -  Crime  -  Estonia",121,"Estonia","total -  Crime"
"total -  Drama  -  Estonia",266,"Estonia","total -  Drama"
"total -  Fantasy  -  Estonia",50,"Estonia","total -  Fantasy"
"total -  Mystery  -  Estonia",60,"Estonia","total -  Mystery"
"total -  Romance  -  Estonia",86,"Estonia","total -  Romance"
"total -  Sci Fi  -  Estonia",61,"Estonia","total -  Sci Fi"
"total -  Thriller  -  Estonia",56,"Estonia","total -  Thriller"
"total -  Action  -  Finland",202,"Finland","total -  Action"
"total -  Adventure  -  Finland",126,"Finland","total -  Adventure"
"total -  Animation  -  Finland",52,"Finland","total -  Animation"
"total -  Comedy  -  Finland",170,"Finland","total -  Comedy"
"total -  Crime  -  Finland",148,"Finland","total -  Crime"
"total -  Drama  -  Finland",329,"Finland","total -  Drama"
"total -  Fantasy  -  Finland",41,"Finland","total -  Fantasy"
"total -  Mystery  -  Finland",53,"Finland","total -  Mystery"
"total -  Romance  -  Finland",79,"Finland","total -  Romance"
"total -  Thriller  -  Finland",56,"Finland","total -  Thriller"
"total -  Action  -  France",209,"France","total -  Action"
"total -  Adventure  -  France",135,"France","total -  Adventure"
"total -  Comedy  -  France",152,"France","total -  Comedy"
"total -  Crime  -  France",161,"France","total -  Crime"
"total -  Drama  -  France",344,"France","total -  Drama"
"total -  Fantasy  -  France",65,"France","total -  Fantasy"
"total -  Mystery  -  France",46,"France","total -  Mystery"
"total -  Romance  -  France",70,"France","total -  Romance"
"total -  Sci Fi  -  France",49,"France","total -  Sci Fi"
"total -  Thriller  -  France",72,"France","total -  Thriller"
"total -  Action  -  Germany",211,"Germany","total -  Action"
"total -  Adventure  -  Germany",155,"Germany","total -  Adventure"
"total -  Comedy  -  Germany",180,"Germany","total -  Comedy"
"total -  Crime  -  Germany",156,"Germany","total -  Crime"
"total -  Drama  -  Germany",310,"Germany","total -  Drama"
"total -  Family  -  Germany",56,"Germany","total -  Family"
"total -  Fantasy  -  Germany",71,"Germany","total -  Fantasy"
"total -  Mystery  -  Germany",51,"Germany","total -  Mystery"
"total -  Romance  -  Germany",73,"Germany","total -  Romance"
"total -  Thriller  -  Germany",70,"Germany","total -  Thriller"
"total -  Action  -  Greece",195,"Greece","total -  Action"
"total -  Adventure  -  Greece",132,"Greece","total -  Adventure"
"total -  Animation  -  Greece",47,"Greece","total -  Animation"
"total -  Comedy  -  Greece",162,"Greece","total -  Comedy"
"total -  Crime  -  Greece",150,"Greece","total -  Crime"
"total -  Drama  -  Greece",332,"Greece","total -  Drama"
"total -  Fantasy  -  Greece",51,"Greece","total -  Fantasy"
"total -  Mystery  -  Greece",53,"Greece","total -  Mystery"
"total -  Romance  -  Greece",83,"Greece","total -  Romance"
"total -  Thriller  -  Greece",53,"Greece","total -  Thriller"
"total -  Action  -  Guadeloupe",217,"Guadeloupe","total -  Action"
"total -  Adventure  -  Guadeloupe",104,"Guadeloupe","total -  Adventure"
"total -  Animation  -  Guadeloupe",41,"Guadeloupe","total -  Animation"
"total -  Comedy  -  Guadeloupe",145,"Guadeloupe","total -  Comedy"
"total -  Crime  -  Guadeloupe",160,"Guadeloupe","total -  Crime"
"total -  Drama  -  Guadeloupe",339,"Guadeloupe","total -  Drama"
"total -  Fantasy  -  Guadeloupe",55,"Guadeloupe","total -  Fantasy"
"total -  Mystery  -  Guadeloupe",41,"Guadeloupe","total -  Mystery"
"total -  Romance  -  Guadeloupe",77,"Guadeloupe","total -  Romance"
"total -  Sci Fi  -  Guadeloupe",41,"Guadeloupe","total -  Sci Fi"
"total -  Thriller  -  Guadeloupe",69,"Guadeloupe","total -  Thriller"
"total -  Action  -  Guatemala",124,"Guatemala","total -  Action"
"total -  Adventure  -  Guatemala",108,"Guatemala","total -  Adventure"
"total -  Animation  -  Guatemala",63,"Guatemala","total -  Animation"
"total -  Comedy  -  Guatemala",207,"Guatemala","total -  Comedy"
"total -  Crime  -  Guatemala",93,"Guatemala","total -  Crime"
"total -  Drama  -  Guatemala",299,"Guatemala","total -  Drama"
"total -  Music  -  Guatemala",35,"Guatemala","total -  Music"
"total -  Mystery  -  Guatemala",37,"Guatemala","total -  Mystery"
"total -  Romance  -  Guatemala",115,"Guatemala","total -  Romance"
"total -  Thriller  -  Guatemala",54,"Guatemala","total -  Thriller"
"total -  Action  -  Honduras",134,"Honduras","total -  Action"
"total -  Adventure  -  Honduras",94,"Honduras","total -  Adventure"
"total -  Animation  -  Honduras",46,"Honduras","total -  Animation"
"total -  Comedy  -  Honduras",195,"Honduras","total -  Comedy"
"total -  Crime  -  Honduras",104,"Honduras","total -  Crime"
"total -  Drama  -  Honduras",309,"Honduras","total -  Drama"
"total -  Fantasy  -  Honduras",36,"Honduras","total -  Fantasy"
"total -  Mystery  -  Honduras",38,"Honduras","total -  Mystery"
"total -  Romance  -  Honduras",120,"Honduras","total -  Romance"
"total -  Thriller  -  Honduras",63,"Honduras","total -  Thriller"
"total -  Action  -  Hong Kong",244,"Hong Kong","total -  Action"
"total -  Adventure  -  Hong Kong",120,"Hong Kong","total -  Adventure"
"total -  Comedy  -  Hong Kong",151,"Hong Kong","total -  Comedy"
"total -  Crime  -  Hong Kong",119,"Hong Kong","total -  Crime"
"total -  Drama  -  Hong Kong",340,"Hong Kong","total -  Drama"
"total -  Fantasy  -  Hong Kong",57,"Hong Kong","total -  Fantasy"
"total -  Mystery  -  Hong Kong",69,"Hong Kong","total -  Mystery"
"total -  Romance  -  Hong Kong",117,"Hong Kong","total -  Romance"
"total -  Sci Fi  -  Hong Kong",59,"Hong Kong","total -  Sci Fi"
"total -  Thriller  -  Hong Kong",80,"Hong Kong","total -  Thriller"
"total -  Action  -  Hungary",196,"Hungary","total -  Action"
"total -  Adventure  -  Hungary",131,"Hungary","total -  Adventure"
"total -  Animation  -  Hungary",61,"Hungary","total -  Animation"
"total -  Comedy  -  Hungary",189,"Hungary","total -  Comedy"
"total -  Crime  -  Hungary",149,"Hungary","total -  Crime"
"total -  Drama  -  Hungary",304,"Hungary","total -  Drama"
"total -  Fantasy  -  Hungary",46,"Hungary","total -  Fantasy"
"total -  Mystery  -  Hungary",51,"Hungary","total -  Mystery"
"total -  Romance  -  Hungary",93,"Hungary","total -  Romance"
"total -  Thriller  -  Hungary",53,"Hungary","total -  Thriller"
"total -  Action  -  Iceland",187,"Iceland","total -  Action"
"total -  Adventure  -  Iceland",127,"Iceland","total -  Adventure"
"total -  Animation  -  Iceland",48,"Iceland","total -  Animation"
"total -  Comedy  -  Iceland",190,"Iceland","total -  Comedy"
"total -  Crime  -  Iceland",141,"Iceland","total -  Crime"
"total -  Drama  -  Iceland",285,"Iceland","total -  Drama"
"total -  Mystery  -  Iceland",48,"Iceland","total -  Mystery"
"total -  Romance  -  Iceland",85,"Iceland","total -  Romance"
"total -  Sci Fi  -  Iceland",51,"Iceland","total -  Sci Fi"
"total -  Thriller  -  Iceland",57,"Iceland","total -  Thriller"
"total -  Action  -  India",261,"India","total -  Action"
"total -  Adventure  -  India",80,"India","total -  Adventure"
"total -  Comedy  -  India",172,"India","total -  Comedy"
"total -  Crime  -  India",216,"India","total -  Crime"
"total -  Drama  -  India",397,"India","total -  Drama"
"total -  Fantasy  -  India",48,"India","total -  Fantasy"
"total -  Horror  -  India",27,"India","total -  Horror"
"total -  Mystery  -  India",72,"India","total -  Mystery"
"total -  Romance  -  India",92,"India","total -  Romance"
"total -  Thriller  -  India",76,"India","total -  Thriller"
"total -  Action  -  Indonesia",199,"Indonesia","total -  Action"
"total -  Adventure  -  Indonesia",88,"Indonesia","total -  Adventure"
"total -  Comedy  -  Indonesia",184,"Indonesia","total -  Comedy"
"total -  Crime  -  Indonesia",138,"Indonesia","total -  Crime"
"total -  Drama  -  Indonesia",351,"Indonesia","total -  Drama"
"total -  Fantasy  -  Indonesia",56,"Indonesia","total -  Fantasy"
"total -  Horror  -  Indonesia",43,"Indonesia","total -  Horror"
"total -  Mystery  -  Indonesia",72,"Indonesia","total -  Mystery"
"total -  Romance  -  Indonesia",110,"Indonesia","total -  Romance"
"total -  Thriller  -  Indonesia",81,"Indonesia","total -  Thriller"
"total -  Action  -  Ireland",144,"Ireland","total -  Action"
"total -  Adventure  -  Ireland",135,"Ireland","total -  Adventure"
"total -  Animation  -  Ireland",66,"Ireland","total -  Animation"
"total -  Comedy  -  Ireland",210,"Ireland","total -  Comedy"
"total -  Crime  -  Ireland",126,"Ireland","total -  Crime"
"total -  Documentary  -  Ireland",33,"Ireland","total -  Documentary"
"total -  Drama  -  Ireland",275,"Ireland","total -  Drama"
"total -  Mystery  -  Ireland",35,"Ireland","total -  Mystery"
"total -  Romance  -  Ireland",87,"Ireland","total -  Romance"
"total -  Thriller  -  Ireland",60,"Ireland","total -  Thriller"
"total -  Action  -  Israel",185,"Israel","total -  Action"
"total -  Adventure  -  Israel",125,"Israel","total -  Adventure"
"total -  Animation  -  Israel",50,"Israel","total -  Animation"
"total -  Comedy  -  Israel",162,"Israel","total -  Comedy"
"total -  Crime  -  Israel",126,"Israel","total -  Crime"
"total -  Drama  -  Israel",313,"Israel","total -  Drama"
"total -  Mystery  -  Israel",37,"Israel","total -  Mystery"
"total -  Romance  -  Israel",82,"Israel","total -  Romance"
"total -  Sci Fi  -  Israel",35,"Israel","total -  Sci Fi"
"total -  Thriller  -  Israel",80,"Israel","total -  Thriller"
"total -  Action  -  Italy",172,"Italy","total -  Action"
"total -  Adventure  -  Italy",86,"Italy","total -  Adventure"
"total -  Comedy  -  Italy",168,"Italy","total -  Comedy"
"total -  Crime  -  Italy",149,"Italy","total -  Crime"
"total -  Drama  -  Italy",362,"Italy","total -  Drama"
"total -  Fantasy  -  Italy",45,"Italy","total -  Fantasy"
"total -  Mystery  -  Italy",68,"Italy","total -  Mystery"
"total -  Romance  -  Italy",86,"Italy","total -  Romance"
"total -  Sci Fi  -  Italy",38,"Italy","total -  Sci Fi"
"total -  Thriller  -  Italy",54,"Italy","total -  Thriller"
"total -  Action  -  Jamaica",217,"Jamaica","total -  Action"
"total -  Adventure  -  Jamaica",125,"Jamaica","total -  Adventure"
"total -  Animation  -  Jamaica",81,"Jamaica","total -  Animation"
"total -  Comedy  -  Jamaica",183,"Jamaica","total -  Comedy"
"total -  Crime  -  Jamaica",146,"Jamaica","total -  Crime"
"total -  Drama  -  Jamaica",286,"Jamaica","total -  Drama"
"total -  Fantasy  -  Jamaica",50,"Jamaica","total -  Fantasy"
"total -  Mystery  -  Jamaica",37,"Jamaica","total -  Mystery"
"total -  Romance  -  Jamaica",80,"Jamaica","total -  Romance"
"total -  Thriller  -  Jamaica",85,"Jamaica","total -  Thriller"
"total -  Action  -  Japan",219,"Japan","total -  Action"
"total -  Adventure  -  Japan",156,"Japan","total -  Adventure"
"total -  Animation  -  Japan",92,"Japan","total -  Animation"
"total -  Comedy  -  Japan",158,"Japan","total -  Comedy"
"total -  Crime  -  Japan",98,"Japan","total -  Crime"
"total -  Drama  -  Japan",275,"Japan","total -  Drama"
"total -  Fantasy  -  Japan",38,"Japan","total -  Fantasy"
"total -  Horror  -  Japan",38,"Japan","total -  Horror"
"total -  Mystery  -  Japan",41,"Japan","total -  Mystery"
"total -  Romance  -  Japan",169,"Japan","total -  Romance"
"total -  Thriller  -  Japan",66,"Japan","total -  Thriller"
"total -  Action  -  Jordan",204,"Jordan","total -  Action"
"total -  Adventure  -  Jordan",102,"Jordan","total -  Adventure"
"total -  Comedy  -  Jordan",144,"Jordan","total -  Comedy"
"total -  Crime  -  Jordan",131,"Jordan","total -  Crime"
"total -  Drama  -  Jordan",367,"Jordan","total -  Drama"
"total -  Fantasy  -  Jordan",42,"Jordan","total -  Fantasy"
"total -  Horror  -  Jordan",31,"Jordan","total -  Horror"
"total -  Mystery  -  Jordan",37,"Jordan","total -  Mystery"
"total -  Romance  -  Jordan",167,"Jordan","total -  Romance"
"total -  Thriller  -  Jordan",70,"Jordan","total -  Thriller"
"total -  Action  -  Kenya",207,"Kenya","total -  Action"
"total -  Adventure  -  Kenya",95,"Kenya","total -  Adventure"
"total -  Comedy  -  Kenya",177,"Kenya","total -  Comedy"
"total -  Crime  -  Kenya",144,"Kenya","total -  Crime"
"total -  Drama  -  Kenya",332,"Kenya","total -  Drama"
"total -  Fantasy  -  Kenya",35,"Kenya","total -  Fantasy"
"total -  Mystery  -  Kenya",52,"Kenya","total -  Mystery"
"total -  Romance  -  Kenya",93,"Kenya","total -  Romance"
"total -  Sci Fi  -  Kenya",35,"Kenya","total -  Sci Fi"
"total -  Thriller  -  Kenya",81,"Kenya","total -  Thriller"
"total -  Action  -  Kuwait",221,"Kuwait","total -  Action"
"total -  Adventure  -  Kuwait",135,"Kuwait","total -  Adventure"
"total -  Animation  -  Kuwait",48,"Kuwait","total -  Animation"
"total -  Comedy  -  Kuwait",151,"Kuwait","total -  Comedy"
"total -  Crime  -  Kuwait",131,"Kuwait","total -  Crime"
"total -  Drama  -  Kuwait",317,"Kuwait","total -  Drama"
"total -  Fantasy  -  Kuwait",51,"Kuwait","total -  Fantasy"
"total -  Mystery  -  Kuwait",48,"Kuwait","total -  Mystery"
"total -  Romance  -  Kuwait",77,"Kuwait","total -  Romance"
"total -  Thriller  -  Kuwait",86,"Kuwait","total -  Thriller"
"total -  Action  -  Latvia",171,"Latvia","total -  Action"
"total -  Adventure  -  Latvia",146,"Latvia","total -  Adventure"
"total -  Animation  -  Latvia",80,"Latvia","total -  Animation"
"total -  Comedy  -  Latvia",239,"Latvia","total -  Comedy"
"total -  Crime  -  Latvia",118,"Latvia","total -  Crime"
"total -  Drama  -  Latvia",268,"Latvia","total -  Drama"
"total -  Mystery  -  Latvia",60,"Latvia","total -  Mystery"
"total -  Romance  -  Latvia",96,"Latvia","total -  Romance"
"total -  Sci Fi  -  Latvia",53,"Latvia","total -  Sci Fi"
"total -  Thriller  -  Latvia",52,"Latvia","total -  Thriller"
"total -  Action  -  Lebanon",199,"Lebanon","total -  Action"
"total -  Adventure  -  Lebanon",107,"Lebanon","total -  Adventure"
"total -  Comedy  -  Lebanon",163,"Lebanon","total -  Comedy"
"total -  Crime  -  Lebanon",142,"Lebanon","total -  Crime"
"total -  Drama  -  Lebanon",363,"Lebanon","total -  Drama"
"total -  Fantasy  -  Lebanon",55,"Lebanon","total -  Fantasy"
"total -  Horror  -  Lebanon",25,"Lebanon","total -  Horror"
"total -  Mystery  -  Lebanon",34,"Lebanon","total -  Mystery"
"total -  Romance  -  Lebanon",118,"Lebanon","total -  Romance"
"total -  Thriller  -  Lebanon",78,"Lebanon","total -  Thriller"
"total -  Action  -  Lithuania",147,"Lithuania","total -  Action"
"total -  Adventure  -  Lithuania",102,"Lithuania","total -  Adventure"
"total -  Animation  -  Lithuania",46,"Lithuania","total -  Animation"
"total -  Comedy  -  Lithuania",210,"Lithuania","total -  Comedy"
"total -  Crime  -  Lithuania",129,"Lithuania","total -  Crime"
"total -  Drama  -  Lithuania",269,"Lithuania","total -  Drama"
"total -  Fantasy  -  Lithuania",39,"Lithuania","total -  Fantasy"
"total -  Mystery  -  Lithuania",45,"Lithuania","total -  Mystery"
"total -  Romance  -  Lithuania",110,"Lithuania","total -  Romance"
"total -  Thriller  -  Lithuania",57,"Lithuania","total -  Thriller"
"total -  Action  -  Luxembourg",180,"Luxembourg","total -  Action"
"total -  Adventure  -  Luxembourg",126,"Luxembourg","total -  Adventure"
"total -  Animation  -  Luxembourg",46,"Luxembourg","total -  Animation"
"total -  Comedy  -  Luxembourg",173,"Luxembourg","total -  Comedy"
"total -  Crime  -  Luxembourg",145,"Luxembourg","total -  Crime"
"total -  Drama  -  Luxembourg",334,"Luxembourg","total -  Drama"
"total -  Fantasy  -  Luxembourg",53,"Luxembourg","total -  Fantasy"
"total -  Mystery  -  Luxembourg",47,"Luxembourg","total -  Mystery"
"total -  Romance  -  Luxembourg",93,"Luxembourg","total -  Romance"
"total -  Thriller  -  Luxembourg",55,"Luxembourg","total -  Thriller"
"total -  Action  -  Malaysia",230,"Malaysia","total -  Action"
"total -  Adventure  -  Malaysia",111,"Malaysia","total -  Adventure"
"total -  Animation  -  Malaysia",37,"Malaysia","total -  Animation"
"total -  Comedy  -  Malaysia",189,"Malaysia","total -  Comedy"
"total -  Crime  -  Malaysia",154,"Malaysia","total -  Crime"
"total -  Drama  -  Malaysia",336,"Malaysia","total -  Drama"
"total -  Fantasy  -  Malaysia",57,"Malaysia","total -  Fantasy"
"total -  Horror  -  Malaysia",37,"Malaysia","total -  Horror"
"total -  Mystery  -  Malaysia",69,"Malaysia","total -  Mystery"
"total -  Romance  -  Malaysia",102,"Malaysia","total -  Romance"
"total -  Thriller  -  Malaysia",85,"Malaysia","total -  Thriller"
"total -  Action  -  Maldives",196,"Maldives","total -  Action"
"total -  Adventure  -  Maldives",110,"Maldives","total -  Adventure"
"total -  Animation  -  Maldives",45,"Maldives","total -  Animation"
"total -  Comedy  -  Maldives",188,"Maldives","total -  Comedy"
"total -  Crime  -  Maldives",160,"Maldives","total -  Crime"
"total -  Drama  -  Maldives",322,"Maldives","total -  Drama"
"total -  Fantasy  -  Maldives",39,"Maldives","total -  Fantasy"
"total -  Mystery  -  Maldives",69,"Maldives","total -  Mystery"
"total -  Romance  -  Maldives",97,"Maldives","total -  Romance"
"total -  Thriller  -  Maldives",65,"Maldives","total -  Thriller"
"total -  Action  -  Malta",180,"Malta","total -  Action"
"total -  Adventure  -  Malta",90,"Malta","total -  Adventure"
"total -  Comedy  -  Malta",163,"Malta","total -  Comedy"
"total -  Crime  -  Malta",151,"Malta","total -  Crime"
"total -  Drama  -  Malta",331,"Malta","total -  Drama"
"total -  Fantasy  -  Malta",31,"Malta","total -  Fantasy"
"total -  Mystery  -  Malta",57,"Malta","total -  Mystery"
"total -  Romance  -  Malta",94,"Malta","total -  Romance"
"total -  Sci Fi  -  Malta",37,"Malta","total -  Sci Fi"
"total -  Thriller  -  Malta",72,"Malta","total -  Thriller"
"total -  Action  -  Martinique",218,"Martinique","total -  Action"
"total -  Adventure  -  Martinique",107,"Martinique","total -  Adventure"
"total -  Animation  -  Martinique",41,"Martinique","total -  Animation"
"total -  Comedy  -  Martinique",151,"Martinique","total -  Comedy"
"total -  Crime  -  Martinique",158,"Martinique","total -  Crime"
"total -  Drama  -  Martinique",345,"Martinique","total -  Drama"
"total -  Fantasy  -  Martinique",48,"Martinique","total -  Fantasy"
"total -  Mystery  -  Martinique",42,"Martinique","total -  Mystery"
"total -  Romance  -  Martinique",82,"Martinique","total -  Romance"
"total -  Thriller  -  Martinique",70,"Martinique","total -  Thriller"
"total -  Action  -  Mauritius",210,"Mauritius","total -  Action"
"total -  Adventure  -  Mauritius",112,"Mauritius","total -  Adventure"
"total -  Comedy  -  Mauritius",191,"Mauritius","total -  Comedy"
"total -  Crime  -  Mauritius",146,"Mauritius","total -  Crime"
"total -  Drama  -  Mauritius",320,"Mauritius","total -  Drama"
"total -  Fantasy  -  Mauritius",48,"Mauritius","total -  Fantasy"
"total -  Mystery  -  Mauritius",58,"Mauritius","total -  Mystery"
"total -  Romance  -  Mauritius",92,"Mauritius","total -  Romance"
"total -  Sci Fi  -  Mauritius",40,"Mauritius","total -  Sci Fi"
"total -  Thriller  -  Mauritius",64,"Mauritius","total -  Thriller"
"total -  Action  -  Mexico",125,"Mexico","total -  Action"
"total -  Adventure  -  Mexico",135,"Mexico","total -  Adventure"
"total -  Animation  -  Mexico",88,"Mexico","total -  Animation"
"total -  Comedy  -  Mexico",217,"Mexico","total -  Comedy"
"total -  Crime  -  Mexico",102,"Mexico","total -  Crime"
"total -  Drama  -  Mexico",331,"Mexico","total -  Drama"
"total -  Fantasy  -  Mexico",39,"Mexico","total -  Fantasy"
"total -  Mystery  -  Mexico",42,"Mexico","total -  Mystery"
"total -  Romance  -  Mexico",107,"Mexico","total -  Romance"
"total -  Thriller  -  Mexico",57,"Mexico","total -  Thriller"
"total -  Action  -  Morocco",251,"Morocco","total -  Action"
"total -  Adventure  -  Morocco",98,"Morocco","total -  Adventure"
"total -  Animation  -  Morocco",30,"Morocco","total -  Animation"
"total -  Comedy  -  Morocco",160,"Morocco","total -  Comedy"
"total -  Crime  -  Morocco",195,"Morocco","total -  Crime"
"total -  Drama  -  Morocco",363,"Morocco","total -  Drama"
"total -  Fantasy  -  Morocco",36,"Morocco","total -  Fantasy"
"total -  Horror  -  Morocco",30,"Morocco","total -  Horror"
"total -  Mystery  -  Morocco",57,"Morocco","total -  Mystery"
"total -  Romance  -  Morocco",76,"Morocco","total -  Romance"
"total -  Thriller  -  Morocco",92,"Morocco","total -  Thriller"
"total -  Action  -  Netherlands",166,"Netherlands","total -  Action"
"total -  Adventure  -  Netherlands",124,"Netherlands","total -  Adventure"
"total -  Animation  -  Netherlands",55,"Netherlands","total -  Animation"
"total -  Comedy  -  Netherlands",160,"Netherlands","total -  Comedy"
"total -  Crime  -  Netherlands",153,"Netherlands","total -  Crime"
"total -  Drama  -  Netherlands",331,"Netherlands","total -  Drama"
"total -  Fantasy  -  Netherlands",44,"Netherlands","total -  Fantasy"
"total -  Mystery  -  Netherlands",51,"Netherlands","total -  Mystery"
"total -  Romance  -  Netherlands",86,"Netherlands","total -  Romance"
"total -  Thriller  -  Netherlands",57,"Netherlands","total -  Thriller"
"total -  Action  -  New Caledonia",262,"New Caledonia","total -  Action"
"total -  Adventure  -  New Caledonia",135,"New Caledonia","total -  Adventure"
"total -  Animation  -  New Caledonia",57,"New Caledonia","total -  Animation"
"total -  Comedy  -  New Caledonia",136,"New Caledonia","total -  Comedy"
"total -  Crime  -  New Caledonia",161,"New Caledonia","total -  Crime"
"total -  Drama  -  New Caledonia",336,"New Caledonia","total -  Drama"
"total -  Fantasy  -  New Caledonia",60,"New Caledonia","total -  Fantasy"
"total -  Romance  -  New Caledonia",55,"New Caledonia","total -  Romance"
"total -  Sci Fi  -  New Caledonia",44,"New Caledonia","total -  Sci Fi"
"total -  Thriller  -  New Caledonia",67,"New Caledonia","total -  Thriller"
"total -  Action  -  New Zealand",199,"New Zealand","total -  Action"
"total -  Adventure  -  New Zealand",124,"New Zealand","total -  Adventure"
"total -  Animation  -  New Zealand",66,"New Zealand","total -  Animation"
"total -  Comedy  -  New Zealand",169,"New Zealand","total -  Comedy"
"total -  Crime  -  New Zealand",142,"New Zealand","total -  Crime"
"total -  Drama  -  New Zealand",287,"New Zealand","total -  Drama"
"total -  Mystery  -  New Zealand",45,"New Zealand","total -  Mystery"
"total -  Romance  -  New Zealand",60,"New Zealand","total -  Romance"
"total -  Sci Fi  -  New Zealand",38,"New Zealand","total -  Sci Fi"
"total -  Thriller  -  New Zealand",67,"New Zealand","total -  Thriller"
"total -  Action  -  Nicaragua",134,"Nicaragua","total -  Action"
"total -  Adventure  -  Nicaragua",86,"Nicaragua","total -  Adventure"
"total -  Animation  -  Nicaragua",42,"Nicaragua","total -  Animation"
"total -  Comedy  -  Nicaragua",192,"Nicaragua","total -  Comedy"
"total -  Crime  -  Nicaragua",99,"Nicaragua","total -  Crime"
"total -  Drama  -  Nicaragua",313,"Nicaragua","total -  Drama"
"total -  Fantasy  -  Nicaragua",36,"Nicaragua","total -  Fantasy"
"total -  Mystery  -  Nicaragua",39,"Nicaragua","total -  Mystery"
"total -  Romance  -  Nicaragua",119,"Nicaragua","total -  Romance"
"total -  Thriller  -  Nicaragua",65,"Nicaragua","total -  Thriller"
"total -  Action  -  Nigeria",182,"Nigeria","total -  Action"
"total -  Adventure  -  Nigeria",70,"Nigeria","total -  Adventure"
"total -  Comedy  -  Nigeria",135,"Nigeria","total -  Comedy"
"total -  Crime  -  Nigeria",146,"Nigeria","total -  Crime"
"total -  Drama  -  Nigeria",351,"Nigeria","total -  Drama"
"total -  Fantasy  -  Nigeria",40,"Nigeria","total -  Fantasy"
"total -  Mystery  -  Nigeria",67,"Nigeria","total -  Mystery"
"total -  Romance  -  Nigeria",109,"Nigeria","total -  Romance"
"total -  Sci Fi  -  Nigeria",36,"Nigeria","total -  Sci Fi"
"total -  Thriller  -  Nigeria",59,"Nigeria","total -  Thriller"
"total -  Action  -  Norway",183,"Norway","total -  Action"
"total -  Adventure  -  Norway",130,"Norway","total -  Adventure"
"total -  Animation  -  Norway",46,"Norway","total -  Animation"
"total -  Comedy  -  Norway",182,"Norway","total -  Comedy"
"total -  Crime  -  Norway",140,"Norway","total -  Crime"
"total -  Drama  -  Norway",341,"Norway","total -  Drama"
"total -  Fantasy  -  Norway",44,"Norway","total -  Fantasy"
"total -  Mystery  -  Norway",46,"Norway","total -  Mystery"
"total -  Romance  -  Norway",104,"Norway","total -  Romance"
"total -  Thriller  -  Norway",53,"Norway","total -  Thriller"
"total -  Action  -  Oman",196,"Oman","total -  Action"
"total -  Adventure  -  Oman",102,"Oman","total -  Adventure"
"total -  Comedy  -  Oman",115,"Oman","total -  Comedy"
"total -  Crime  -  Oman",125,"Oman","total -  Crime"
"total -  Drama  -  Oman",278,"Oman","total -  Drama"
"total -  Fantasy  -  Oman",45,"Oman","total -  Fantasy"
"total -  Horror  -  Oman",37,"Oman","total -  Horror"
"total -  Mystery  -  Oman",43,"Oman","total -  Mystery"
"total -  Romance  -  Oman",58,"Oman","total -  Romance"
"total -  Thriller  -  Oman",78,"Oman","total -  Thriller"
"total -  Action  -  Pakistan",291,"Pakistan","total -  Action"
"total -  Adventure  -  Pakistan",104,"Pakistan","total -  Adventure"
"total -  Comedy  -  Pakistan",150,"Pakistan","total -  Comedy"
"total -  Crime  -  Pakistan",230,"Pakistan","total -  Crime"
"total -  Drama  -  Pakistan",378,"Pakistan","total -  Drama"
"total -  Fantasy  -  Pakistan",42,"Pakistan","total -  Fantasy"
"total -  Mystery  -  Pakistan",84,"Pakistan","total -  Mystery"
"total -  Romance  -  Pakistan",48,"Pakistan","total -  Romance"
"total -  Sci Fi  -  Pakistan",44,"Pakistan","total -  Sci Fi"
"total -  Thriller  -  Pakistan",86,"Pakistan","total -  Thriller"
"total -  Action  -  Panama",148,"Panama","total -  Action"
"total -  Adventure  -  Panama",109,"Panama","total -  Adventure"
"total -  Animation  -  Panama",59,"Panama","total -  Animation"
"total -  Comedy  -  Panama",188,"Panama","total -  Comedy"
"total -  Crime  -  Panama",121,"Panama","total -  Crime"
"total -  Drama  -  Panama",324,"Panama","total -  Drama"
"total -  Fantasy  -  Panama",37,"Panama","total -  Fantasy"
"total -  Mystery  -  Panama",34,"Panama","total -  Mystery"
"total -  Romance  -  Panama",120,"Panama","total -  Romance"
"total -  Thriller  -  Panama",65,"Panama","total -  Thriller"
"total -  Action  -  Paraguay",140,"Paraguay","total -  Action"
"total -  Adventure  -  Paraguay",104,"Paraguay","total -  Adventure"
"total -  Animation  -  Paraguay",53,"Paraguay","total -  Animation"
"total -  Comedy  -  Paraguay",198,"Paraguay","total -  Comedy"
"total -  Crime  -  Paraguay",110,"Paraguay","total -  Crime"
"total -  Drama  -  Paraguay",330,"Paraguay","total -  Drama"
"total -  Music  -  Paraguay",34,"Paraguay","total -  Music"
"total -  Mystery  -  Paraguay",44,"Paraguay","total -  Mystery"
"total -  Romance  -  Paraguay",117,"Paraguay","total -  Romance"
"total -  Thriller  -  Paraguay",67,"Paraguay","total -  Thriller"
"total -  Action  -  Peru",161,"Peru","total -  Action"
"total -  Adventure  -  Peru",120,"Peru","total -  Adventure"
"total -  Animation  -  Peru",65,"Peru","total -  Animation"
"total -  Comedy  -  Peru",188,"Peru","total -  Comedy"
"total -  Crime  -  Peru",104,"Peru","total -  Crime"
"total -  Drama  -  Peru",297,"Peru","total -  Drama"
"total -  Fantasy  -  Peru",39,"Peru","total -  Fantasy"
"total -  Mystery  -  Peru",37,"Peru","total -  Mystery"
"total -  Romance  -  Peru",108,"Peru","total -  Romance"
"total -  Thriller  -  Peru",62,"Peru","total -  Thriller"
"total -  Action  -  Philippines",208,"Philippines","total -  Action"
"total -  Adventure  -  Philippines",97,"Philippines","total -  Adventure"
"total -  Comedy  -  Philippines",142,"Philippines","total -  Comedy"
"total -  Crime  -  Philippines",119,"Philippines","total -  Crime"
"total -  Drama  -  Philippines",334,"Philippines","total -  Drama"
"total -  Fantasy  -  Philippines",46,"Philippines","total -  Fantasy"
"total -  Mystery  -  Philippines",63,"Philippines","total -  Mystery"
"total -  Romance  -  Philippines",120,"Philippines","total -  Romance"
"total -  Sci Fi  -  Philippines",47,"Philippines","total -  Sci Fi"
"total -  Thriller  -  Philippines",78,"Philippines","total -  Thriller"
"total -  Action  -  Poland",154,"Poland","total -  Action"
"total -  Adventure  -  Poland",172,"Poland","total -  Adventure"
"total -  Animation  -  Poland",101,"Poland","total -  Animation"
"total -  Comedy  -  Poland",205,"Poland","total -  Comedy"
"total -  Crime  -  Poland",140,"Poland","total -  Crime"
"total -  Drama  -  Poland",303,"Poland","total -  Drama"
"total -  Fantasy  -  Poland",45,"Poland","total -  Fantasy"
"total -  Mystery  -  Poland",51,"Poland","total -  Mystery"
"total -  Romance  -  Poland",78,"Poland","total -  Romance"
"total -  Thriller  -  Poland",78,"Poland","total -  Thriller"
"total -  Action  -  Portugal",168,"Portugal","total -  Action"
"total -  Adventure  -  Portugal",107,"Portugal","total -  Adventure"
"total -  Animation  -  Portugal",34,"Portugal","total -  Animation"
"total -  Comedy  -  Portugal",161,"Portugal","total -  Comedy"
"total -  Crime  -  Portugal",112,"Portugal","total -  Crime"
"total -  Drama  -  Portugal",306,"Portugal","total -  Drama"
"total -  Family  -  Portugal",45,"Portugal","total -  Family"
"total -  Music  -  Portugal",53,"Portugal","total -  Music"
"total -  Mystery  -  Portugal",34,"Portugal","total -  Mystery"
"total -  Romance  -  Portugal",93,"Portugal","total -  Romance"
"total -  Thriller  -  Portugal",59,"Portugal","total -  Thriller"
"total -  Action  -  Qatar",213,"Qatar","total -  Action"
"total -  Adventure  -  Qatar",125,"Qatar","total -  Adventure"
"total -  Comedy  -  Qatar",148,"Qatar","total -  Comedy"
"total -  Crime  -  Qatar",136,"Qatar","total -  Crime"
"total -  Drama  -  Qatar",334,"Qatar","total -  Drama"
"total -  Fantasy  -  Qatar",53,"Qatar","total -  Fantasy"
"total -  Horror  -  Qatar",32,"Qatar","total -  Horror"
"total -  Mystery  -  Qatar",45,"Qatar","total -  Mystery"
"total -  Romance  -  Qatar",104,"Qatar","total -  Romance"
"total -  Thriller  -  Qatar",84,"Qatar","total -  Thriller"
"total -  Action  -  Réunion",214,"Réunion","total -  Action"
"total -  Adventure  -  Réunion",134,"Réunion","total -  Adventure"
"total -  Animation  -  Réunion",53,"Réunion","total -  Animation"
"total -  Comedy  -  Réunion",164,"Réunion","total -  Comedy"
"total -  Crime  -  Réunion",137,"Réunion","total -  Crime"
"total -  Drama  -  Réunion",332,"Réunion","total -  Drama"
"total -  Fantasy  -  Réunion",58,"Réunion","total -  Fantasy"
"total -  Romance  -  Réunion",74,"Réunion","total -  Romance"
"total -  Sci Fi  -  Réunion",45,"Réunion","total -  Sci Fi"
"total -  Thriller  -  Réunion",61,"Réunion","total -  Thriller"
"total -  Action  -  Romania",180,"Romania","total -  Action"
"total -  Adventure  -  Romania",102,"Romania","total -  Adventure"
"total -  Comedy  -  Romania",148,"Romania","total -  Comedy"
"total -  Crime  -  Romania",146,"Romania","total -  Crime"
"total -  Drama  -  Romania",352,"Romania","total -  Drama"
"total -  Family  -  Romania",26,"Romania","total -  Family"
"total -  Fantasy  -  Romania",45,"Romania","total -  Fantasy"
"total -  Horror  -  Romania",26,"Romania","total -  Horror"
"total -  Mystery  -  Romania",70,"Romania","total -  Mystery"
"total -  Romance  -  Romania",99,"Romania","total -  Romance"
"total -  Thriller  -  Romania",85,"Romania","total -  Thriller"
"total -  Action  -  Russia",252,"Russia","total -  Action"
"total -  Adventure  -  Russia",131,"Russia","total -  Adventure"
"total -  Animation  -  Russia",50,"Russia","total -  Animation"
"total -  Comedy  -  Russia",176,"Russia","total -  Comedy"
"total -  Crime  -  Russia",212,"Russia","total -  Crime"
"total -  Drama  -  Russia",326,"Russia","total -  Drama"
"total -  Fantasy  -  Russia",43,"Russia","total -  Fantasy"
"total -  Mystery  -  Russia",48,"Russia","total -  Mystery"
"total -  Romance  -  Russia",57,"Russia","total -  Romance"
"total -  Thriller  -  Russia",62,"Russia","total -  Thriller"
"total -  Action  -  Saudi Arabia",240,"Saudi Arabia","total -  Action"
"total -  Adventure  -  Saudi Arabia",102,"Saudi Arabia","total -  Adventure"
"total -  Comedy  -  Saudi Arabia",142,"Saudi Arabia","total -  Comedy"
"total -  Crime  -  Saudi Arabia",162,"Saudi Arabia","total -  Crime"
"total -  Drama  -  Saudi Arabia",328,"Saudi Arabia","total -  Drama"
"total -  Fantasy  -  Saudi Arabia",41,"Saudi Arabia","total -  Fantasy"
"total -  Horror  -  Saudi Arabia",41,"Saudi Arabia","total -  Horror"
"total -  Mystery  -  Saudi Arabia",48,"Saudi Arabia","total -  Mystery"
"total -  Romance  -  Saudi Arabia",83,"Saudi Arabia","total -  Romance"
"total -  Thriller  -  Saudi Arabia",92,"Saudi Arabia","total -  Thriller"
"total -  Action  -  Serbia",205,"Serbia","total -  Action"
"total -  Adventure  -  Serbia",115,"Serbia","total -  Adventure"
"total -  Animation  -  Serbia",34,"Serbia","total -  Animation"
"total -  Comedy  -  Serbia",181,"Serbia","total -  Comedy"
"total -  Crime  -  Serbia",149,"Serbia","total -  Crime"
"total -  Drama  -  Serbia",313,"Serbia","total -  Drama"
"total -  Fantasy  -  Serbia",33,"Serbia","total -  Fantasy"
"total -  Mystery  -  Serbia",44,"Serbia","total -  Mystery"
"total -  Romance  -  Serbia",94,"Serbia","total -  Romance"
"total -  Thriller  -  Serbia",72,"Serbia","total -  Thriller"
"total -  Action  -  Singapore",227,"Singapore","total -  Action"
"total -  Adventure  -  Singapore",108,"Singapore","total -  Adventure"
"total -  Comedy  -  Singapore",158,"Singapore","total -  Comedy"
"total -  Crime  -  Singapore",133,"Singapore","total -  Crime"
"total -  Drama  -  Singapore",337,"Singapore","total -  Drama"
"total -  Fantasy  -  Singapore",47,"Singapore","total -  Fantasy"
"total -  Mystery  -  Singapore",73,"Singapore","total -  Mystery"
"total -  Romance  -  Singapore",90,"Singapore","total -  Romance"
"total -  Sci Fi  -  Singapore",46,"Singapore","total -  Sci Fi"
"total -  Thriller  -  Singapore",86,"Singapore","total -  Thriller"
"total -  Action  -  Slovakia",193,"Slovakia","total -  Action"
"total -  Adventure  -  Slovakia",143,"Slovakia","total -  Adventure"
"total -  Animation  -  Slovakia",69,"Slovakia","total -  Animation"
"total -  Comedy  -  Slovakia",189,"Slovakia","total -  Comedy"
"total -  Crime  -  Slovakia",138,"Slovakia","total -  Crime"
"total -  Drama  -  Slovakia",299,"Slovakia","total -  Drama"
"total -  Fantasy  -  Slovakia",39,"Slovakia","total -  Fantasy"
"total -  Mystery  -  Slovakia",45,"Slovakia","total -  Mystery"
"total -  Romance  -  Slovakia",80,"Slovakia","total -  Romance"
"total -  Thriller  -  Slovakia",48,"Slovakia","total -  Thriller"
"total -  Action  -  Slovenia",183,"Slovenia","total -  Action"
"total -  Adventure  -  Slovenia",119,"Slovenia","total -  Adventure"
"total -  Animation  -  Slovenia",39,"Slovenia","total -  Animation"
"total -  Comedy  -  Slovenia",189,"Slovenia","total -  Comedy"
"total -  Crime  -  Slovenia",116,"Slovenia","total -  Crime"
"total -  Drama  -  Slovenia",266,"Slovenia","total -  Drama"
"total -  Fantasy  -  Slovenia",38,"Slovenia","total -  Fantasy"
"total -  Mystery  -  Slovenia",38,"Slovenia","total -  Mystery"
"total -  Romance  -  Slovenia",86,"Slovenia","total -  Romance"
"total -  Thriller  -  Slovenia",55,"Slovenia","total -  Thriller"
"total -  Action  -  South Africa",186,"South Africa","total -  Action"
"total -  Adventure  -  South Africa",106,"South Africa","total -  Adventure"
"total -  Animation  -  South Africa",45,"South Africa","total -  Animation"
"total -  Comedy  -  South Africa",192,"South Africa","total -  Comedy"
"total -  Crime  -  South Africa",114,"South Africa","total -  Crime"
"total -  Drama  -  South Africa",331,"South Africa","total -  Drama"
"total -  Mystery  -  South Africa",61,"South Africa","total -  Mystery"
"total -  Romance  -  South Africa",96,"South Africa","total -  Romance"
"total -  Sci Fi  -  South Africa",49,"South Africa","total -  Sci Fi"
"total -  Thriller  -  South Africa",62,"South Africa","total -  Thriller"
"total -  Action  -  South Korea",197,"South Korea","total -  Action"
"total -  Adventure  -  South Korea",77,"South Korea","total -  Adventure"
"total -  Comedy  -  South Korea",143,"South Korea","total -  Comedy"
"total -  Crime  -  South Korea",93,"South Korea","total -  Crime"
"total -  Drama  -  South Korea",312,"South Korea","total -  Drama"
"total -  Fantasy  -  South Korea",50,"South Korea","total -  Fantasy"
"total -  Horror  -  South Korea",38,"South Korea","total -  Horror"
"total -  Mystery  -  South Korea",41,"South Korea","total -  Mystery"
"total -  Romance  -  South Korea",102,"South Korea","total -  Romance"
"total -  Sci Fi  -  South Korea",38,"South Korea","total -  Sci Fi"
"total -  Thriller  -  South Korea",92,"South Korea","total -  Thriller"
"total -  Action  -  Spain",172,"Spain","total -  Action"
"total -  Adventure  -  Spain",108,"Spain","total -  Adventure"
"total -  Comedy  -  Spain",165,"Spain","total -  Comedy"
"total -  Crime  -  Spain",138,"Spain","total -  Crime"
"total -  Drama  -  Spain",317,"Spain","total -  Drama"
"total -  Fantasy  -  Spain",37,"Spain","total -  Fantasy"
"total -  Horror  -  Spain",34,"Spain","total -  Horror"
"total -  Mystery  -  Spain",47,"Spain","total -  Mystery"
"total -  Romance  -  Spain",104,"Spain","total -  Romance"
"total -  Thriller  -  Spain",56,"Spain","total -  Thriller"
"total -  Action  -  Sri Lanka",194,"Sri Lanka","total -  Action"
"total -  Adventure  -  Sri Lanka",83,"Sri Lanka","total -  Adventure"
"total -  Comedy  -  Sri Lanka",178,"Sri Lanka","total -  Comedy"
"total -  Crime  -  Sri Lanka",152,"Sri Lanka","total -  Crime"
"total -  Drama  -  Sri Lanka",372,"Sri Lanka","total -  Drama"
"total -  Fantasy  -  Sri Lanka",37,"Sri Lanka","total -  Fantasy"
"total -  Mystery  -  Sri Lanka",75,"Sri Lanka","total -  Mystery"
"total -  Romance  -  Sri Lanka",104,"Sri Lanka","total -  Romance"
"total -  Sci Fi  -  Sri Lanka",37,"Sri Lanka","total -  Sci Fi"
"total -  Thriller  -  Sri Lanka",69,"Sri Lanka","total -  Thriller"
"total -  Action  -  Sweden",188,"Sweden","total -  Action"
"total -  Adventure  -  Sweden",136,"Sweden","total -  Adventure"
"total -  Animation  -  Sweden",52,"Sweden","total -  Animation"
"total -  Comedy  -  Sweden",162,"Sweden","total -  Comedy"
"total -  Crime  -  Sweden",137,"Sweden","total -  Crime"
"total -  Drama  -  Sweden",337,"Sweden","total -  Drama"
"total -  Fantasy  -  Sweden",49,"Sweden","total -  Fantasy"
"total -  Mystery  -  Sweden",51,"Sweden","total -  Mystery"
"total -  Romance  -  Sweden",85,"Sweden","total -  Romance"
"total -  Thriller  -  Sweden",55,"Sweden","total -  Thriller"
"total -  Action  -  Switzerland",190,"Switzerland","total -  Action"
"total -  Adventure  -  Switzerland",126,"Switzerland","total -  Adventure"
"total -  Comedy  -  Switzerland",172,"Switzerland","total -  Comedy"
"total -  Crime  -  Switzerland",165,"Switzerland","total -  Crime"
"total -  Drama  -  Switzerland",328,"Switzerland","total -  Drama"
"total -  Family  -  Switzerland",42,"Switzerland","total -  Family"
"total -  Fantasy  -  Switzerland",60,"Switzerland","total -  Fantasy"
"total -  Mystery  -  Switzerland",55,"Switzerland","total -  Mystery"
"total -  Romance  -  Switzerland",87,"Switzerland","total -  Romance"
"total -  Thriller  -  Switzerland",57,"Switzerland","total -  Thriller"
"total -  Action  -  Taiwan",197,"Taiwan","total -  Action"
"total -  Adventure  -  Taiwan",97,"Taiwan","total -  Adventure"
"total -  Comedy  -  Taiwan",165,"Taiwan","total -  Comedy"
"total -  Crime  -  Taiwan",110,"Taiwan","total -  Crime"
"total -  Drama  -  Taiwan",366,"Taiwan","total -  Drama"
"total -  Fantasy  -  Taiwan",52,"Taiwan","total -  Fantasy"
"total -  Mystery  -  Taiwan",77,"Taiwan","total -  Mystery"
"total -  Romance  -  Taiwan",150,"Taiwan","total -  Romance"
"total -  Sci Fi  -  Taiwan",43,"Taiwan","total -  Sci Fi"
"total -  Thriller  -  Taiwan",74,"Taiwan","total -  Thriller"
"total -  Action  -  Thailand",227,"Thailand","total -  Action"
"total -  Adventure  -  Thailand",155,"Thailand","total -  Adventure"
"total -  Animation  -  Thailand",46,"Thailand","total -  Animation"
"total -  Comedy  -  Thailand",200,"Thailand","total -  Comedy"
"total -  Crime  -  Thailand",122,"Thailand","total -  Crime"
"total -  Drama  -  Thailand",291,"Thailand","total -  Drama"
"total -  Fantasy  -  Thailand",61,"Thailand","total -  Fantasy"
"total -  Mystery  -  Thailand",58,"Thailand","total -  Mystery"
"total -  Romance  -  Thailand",135,"Thailand","total -  Romance"
"total -  Sci Fi  -  Thailand",46,"Thailand","total -  Sci Fi"
"total -  Thriller  -  Thailand",84,"Thailand","total -  Thriller"
"total -  Action  -  Trinidad and Tobago",196,"Trinidad and Tobago","total -  Action"
"total -  Adventure  -  Trinidad and Tobago",118,"Trinidad and Tobago","total -  Adventure"
"total -  Animation  -  Trinidad and Tobago",54,"Trinidad and Tobago","total -  Animation"
"total -  Comedy  -  Trinidad and Tobago",166,"Trinidad and Tobago","total -  Comedy"
"total -  Crime  -  Trinidad and Tobago",140,"Trinidad and Tobago","total -  Crime"
"total -  Drama  -  Trinidad and Tobago",302,"Trinidad and Tobago","total -  Drama"
"total -  Fantasy  -  Trinidad and Tobago",46,"Trinidad and Tobago","total -  Fantasy"
"total -  Mystery  -  Trinidad and Tobago",40,"Trinidad and Tobago","total -  Mystery"
"total -  Romance  -  Trinidad and Tobago",87,"Trinidad and Tobago","total -  Romance"
"total -  Thriller  -  Trinidad and Tobago",85,"Trinidad and Tobago","total -  Thriller"
"total -  Action  -  Turkey",213,"Turkey","total -  Action"
"total -  Adventure  -  Turkey",114,"Turkey","total -  Adventure"
"total -  Comedy  -  Turkey",143,"Turkey","total -  Comedy"
"total -  Crime  -  Turkey",152,"Turkey","total -  Crime"
"total -  Drama  -  Turkey",344,"Turkey","total -  Drama"
"total -  Fantasy  -  Turkey",67,"Turkey","total -  Fantasy"
"total -  Horror  -  Turkey",46,"Turkey","total -  Horror"
"total -  Mystery  -  Turkey",53,"Turkey","total -  Mystery"
"total -  Romance  -  Turkey",77,"Turkey","total -  Romance"
"total -  Thriller  -  Turkey",78,"Turkey","total -  Thriller"
"total -  Action  -  Ukraine",217,"Ukraine","total -  Action"
"total -  Adventure  -  Ukraine",140,"Ukraine","total -  Adventure"
"total -  Animation  -  Ukraine",58,"Ukraine","total -  Animation"
"total -  Comedy  -  Ukraine",184,"Ukraine","total -  Comedy"
"total -  Crime  -  Ukraine",165,"Ukraine","total -  Crime"
"total -  Drama  -  Ukraine",315,"Ukraine","total -  Drama"
"total -  Fantasy  -  Ukraine",36,"Ukraine","total -  Fantasy"
"total -  Mystery  -  Ukraine",44,"Ukraine","total -  Mystery"
"total -  Romance  -  Ukraine",67,"Ukraine","total -  Romance"
"total -  Thriller  -  Ukraine",64,"Ukraine","total -  Thriller"
"total -  Action  -  United Arab Emirates",211,"United Arab Emirates","total -  Action"
"total -  Adventure  -  United Arab Emirates",124,"United Arab Emirates","total -  Adventure"
"total -  Comedy  -  United Arab Emirates",160,"United Arab Emirates","total -  Comedy"
"total -  Crime  -  United Arab Emirates",140,"United Arab Emirates","total -  Crime"
"total -  Drama  -  United Arab Emirates",340,"United Arab Emirates","total -  Drama"
"total -  Fantasy  -  United Arab Emirates",52,"United Arab Emirates","total -  Fantasy"
"total -  Horror  -  United Arab Emirates",31,"United Arab Emirates","total -  Horror"
"total -  Mystery  -  United Arab Emirates",45,"United Arab Emirates","total -  Mystery"
"total -  Romance  -  United Arab Emirates",111,"United Arab Emirates","total -  Romance"
"total -  Thriller  -  United Arab Emirates",74,"United Arab Emirates","total -  Thriller"
"total -  Action  -  United Kingdom",184,"United Kingdom","total -  Action"
"total -  Adventure  -  United Kingdom",148,"United Kingdom","total -  Adventure"
"total -  Animation  -  United Kingdom",57,"United Kingdom","total -  Animation"
"total -  Comedy  -  United Kingdom",207,"United Kingdom","total -  Comedy"
"total -  Crime  -  United Kingdom",116,"United Kingdom","total -  Crime"
"total -  Drama  -  United Kingdom",261,"United Kingdom","total -  Drama"
"total -  Fantasy  -  United Kingdom",43,"United Kingdom","total -  Fantasy"
"total -  Mystery  -  United Kingdom",36,"United Kingdom","total -  Mystery"
"total -  Romance  -  United Kingdom",90,"United Kingdom","total -  Romance"
"total -  Thriller  -  United Kingdom",64,"United Kingdom","total -  Thriller"
"total -  Action  -  United States",155,"United States","total -  Action"
"total -  Adventure  -  United States",102,"United States","total -  Adventure"
"total -  Animation  -  United States",39,"United States","total -  Animation"
"total -  Comedy  -  United States",163,"United States","total -  Comedy"
"total -  Crime  -  United States",103,"United States","total -  Crime"
"total -  Drama  -  United States",278,"United States","total -  Drama"
"total -  Horror  -  United States",34,"United States","total -  Horror"
"total -  Mystery  -  United States",57,"United States","total -  Mystery"
"total -  Romance  -  United States",71,"United States","total -  Romance"
"total -  Thriller  -  United States",47,"United States","total -  Thriller"
"total -  Action  -  Uruguay",142,"Uruguay","total -  Action"
"total -  Adventure  -  Uruguay",107,"Uruguay","total -  Adventure"
"total -  Animation  -  Uruguay",46,"Uruguay","total -  Animation"
"total -  Comedy  -  Uruguay",162,"Uruguay","total -  Comedy"
"total -  Crime  -  Uruguay",147,"Uruguay","total -  Crime"
"total -  Drama  -  Uruguay",374,"Uruguay","total -  Drama"
"total -  Music  -  Uruguay",37,"Uruguay","total -  Music"
"total -  Mystery  -  Uruguay",53,"Uruguay","total -  Mystery"
"total -  Romance  -  Uruguay",82,"Uruguay","total -  Romance"
"total -  Thriller  -  Uruguay",75,"Uruguay","total -  Thriller"
"total -  Action  -  Venezuela",139,"Venezuela","total -  Action"
"total -  Adventure  -  Venezuela",81,"Venezuela","total -  Adventure"
"total -  Animation  -  Venezuela",35,"Venezuela","total -  Animation"
"total -  Comedy  -  Venezuela",176,"Venezuela","total -  Comedy"
"total -  Crime  -  Venezuela",118,"Venezuela","total -  Crime"
"total -  Drama  -  Venezuela",325,"Venezuela","total -  Drama"
"total -  Music  -  Venezuela",31,"Venezuela","total -  Music"
"total -  Mystery  -  Venezuela",38,"Venezuela","total -  Mystery"
"total -  Romance  -  Venezuela",116,"Venezuela","total -  Romance"
"total -  Thriller  -  Venezuela",72,"Venezuela","total -  Thriller"
"total -  Action  -  Vietnam",264,"Vietnam","total -  Action"
"total -  Adventure  -  Vietnam",133,"Vietnam","total -  Adventure"
"total -  Comedy  -  Vietnam",233,"Vietnam","total -  Comedy"
"total -  Crime  -  Vietnam",136,"Vietnam","total -  Crime"
"total -  Drama  -  Vietnam",353,"Vietnam","total -  Drama"
"total -  Fantasy  -  Vietnam",65,"Vietnam","total -  Fantasy"
"total -  Mystery  -  Vietnam",62,"Vietnam","total -  Mystery"
"total -  Romance  -  Vietnam",123,"Vietnam","total -  Romance"
"total -  Sci Fi  -  Vietnam",48,"Vietnam","total -  Sci Fi"
"total -  Thriller  -  Vietnam",89,"Vietnam","total -  Thriller"
